,total_calls,total_charges
0,300,75.56
1,329,59.24000000000001
2,328,62.290000000000006
3,248,66.8
4,356,52.089999999999996
5,317,67.61
6,314,78.31
7,269,46.900000000000006
8,267,73.32
9,292,80.53999999999999
10,331,54.2
11,369,57.08
12,295,40.190000000000005
13,278,59.64
14,245,59.309999999999995
15,292,92.29
16,304,65.02
17,346,58.989999999999995
18,239,60.50000000000001
19,252,63.9
20,343,59.0
21,274,36.019999999999996
22,289,48.06
23,310,41.05
24,273,48.08
25,303,60.15
26,342,63.24
27,241,44.61
28,295,64.12
29,316,49.6
30,306,41.14
31,310,69.42999999999999
32,314,55.29
33,327,79.67999999999999
34,285,58.49
35,253,66.72
36,317,48.42
37,288,54.2
38,312,58.03
39,294,58.44
40,322,46.63999999999999
41,270,56.199999999999996
42,258,61.92999999999999
43,279,39.15
44,271,58.260000000000005
45,305,48.3
46,360,59.36000000000001
47,334,56.129999999999995
48,322,55.53
49,272,47.25
50,291,68.32
51,301,68.49000000000001
52,235,63.620000000000005
53,252,62.76
54,326,56.14
55,250,65.94
56,288,45.370000000000005
57,283,49.849999999999994
58,337,55.36000000000001
59,324,65.82
60,245,57.67999999999999
61,331,71.41999999999999
62,279,64.0
63,209,62.029999999999994
64,301,45.51
65,264,50.89000000000001
66,276,70.46
67,351,46.88
68,210,63.42999999999999
69,311,55.199999999999996
70,280,72.08
71,242,68.96
72,277,64.84
73,368,62.67999999999999
74,302,65.16
75,273,55.49999999999999
76,282,81.75
77,301,27.02
78,289,60.57
79,276,56.459999999999994
80,292,73.63
81,292,69.96000000000001
82,308,50.599999999999994
83,267,77.16000000000001
84,269,68.94
85,268,66.53999999999999
86,290,50.709999999999994
87,292,65.6
88,245,48.72
89,286,74.64
90,260,48.96
91,323,62.03
92,269,49.36000000000001
93,310,72.6
94,243,55.26
95,356,64.21000000000001
96,254,56.68999999999999
97,276,62.25000000000001
98,331,62.809999999999995
99,307,75.32000000000001
100,289,57.24
101,315,56.129999999999995
102,287,46.849999999999994
103,307,52.980000000000004
104,278,57.989999999999995
105,278,68.13
106,291,75.88000000000001
107,332,46.42999999999999
108,330,49.0
109,319,65.09
110,269,62.61000000000001
111,302,63.86
112,343,57.120000000000005
113,312,53.78999999999999
114,272,36.48
115,337,66.75
116,314,47.010000000000005
117,277,76.91000000000001
118,317,43.410000000000004
119,317,67.83
120,285,67.59
121,311,56.74
122,323,60.61
123,308,48.51
124,334,48.29
125,262,68.33999999999999
126,277,34.84
127,356,56.23
128,299,42.41
129,334,64.63
130,329,52.78999999999999
131,291,54.919999999999995
132,375,73.17999999999999
133,258,62.34
134,317,62.46
135,325,50.95
136,337,60.49999999999999
137,348,64.42999999999999
138,264,56.790000000000006
139,220,57.660000000000004
140,311,60.8
141,281,67.04
142,320,56.14
143,227,70.71
144,305,58.53
145,293,61.86
146,279,55.09
147,318,73.16
148,322,58.989999999999995
149,278,73.5
150,291,62.38
151,315,51.239999999999995
152,319,57.60000000000001
153,372,67.72000000000001
154,248,71.92
155,355,69.83
156,350,87.89
157,337,63.150000000000006
158,268,63.82
159,367,49.760000000000005
160,306,45.92
161,324,72.08999999999999
162,320,65.57
163,307,42.26
164,331,56.87
165,288,73.05999999999999
166,385,60.10000000000001
167,320,69.71000000000001
168,313,53.580000000000005
169,230,63.81
170,289,67.25
171,275,55.650000000000006
172,274,53.2
173,330,47.09
174,321,62.61999999999999
175,335,68.0
176,313,53.26
177,302,65.75
178,281,59.73
179,346,73.36
180,364,67.00999999999999
181,303,31.05
182,308,50.169999999999995
183,282,66.83000000000001
184,311,73.32999999999998
185,372,73.02
186,316,44.13
187,300,72.09
188,349,52.02
189,311,68.3
190,294,45.54
191,282,51.06
192,270,64.00999999999999
193,337,51.019999999999996
194,251,71.30999999999999
195,264,58.690000000000005
196,360,55.32999999999999
197,282,81.57000000000001
198,325,81.97999999999999
199,259,43.73
200,378,58.3
201,325,72.94
202,290,65.25
203,243,50.68
204,278,59.300000000000004
205,270,47.81
206,254,60.370000000000005
207,279,61.89
208,289,64.26
209,290,72.33
210,279,65.82
211,297,67.6
212,305,55.559999999999995
213,378,52.49999999999999
214,306,65.97
215,322,58.9
216,285,52.279999999999994
217,253,62.87
218,353,75.54
219,326,57.68
220,313,57.02
221,285,56.81999999999999
222,312,57.44
223,339,56.21
224,286,39.769999999999996
225,328,68.19000000000001
226,299,68.02
227,300,53.8
228,330,76.12
229,284,70.6
230,283,76.66999999999999
231,313,70.45
232,344,64.77000000000001
233,297,57.309999999999995
234,362,62.78
235,329,52.27
236,329,57.54
237,316,41.04
238,349,37.58
239,289,55.83
240,293,57.209999999999994
241,278,47.73
242,331,73.25999999999999
243,254,63.95
244,234,75.02000000000001
245,296,44.57
246,288,33.67
247,218,64.74000000000001
248,280,61.66
249,363,63.28
250,258,53.09
251,343,62.480000000000004
252,281,65.21
253,293,53.01
254,280,58.599999999999994
255,305,58.199999999999996
256,331,51.28
257,299,48.260000000000005
258,317,38.78
259,282,56.349999999999994
260,270,58.03
261,261,49.269999999999996
262,307,53.76
263,319,61.64
264,253,69.97999999999999
265,253,73.35
266,311,67.52999999999999
267,265,53.53
268,294,35.480000000000004
269,318,53.1
270,322,69.42999999999999
271,308,49.32
272,285,67.88
273,301,65.35000000000001
274,283,55.71
275,306,65.5
276,272,67.04
277,269,54.160000000000004
278,249,66.33999999999999
279,339,66.23
280,324,56.059999999999995
281,272,63.17
282,279,59.35
283,279,75.42000000000002
284,273,63.540000000000006
285,300,55.559999999999995
286,308,57.10000000000001
287,258,69.76
288,249,61.83
289,298,89.31
290,314,73.48
291,314,36.14
292,332,54.79
293,295,52.07
294,269,55.03
295,376,62.33
296,235,44.76
297,274,56.49
298,337,66.33000000000001
299,300,62.58
300,272,50.57
301,393,78.74000000000001
302,263,75.14999999999999
303,309,65.03
304,284,49.61000000000001
305,293,71.24
306,334,81.0
307,295,77.76
308,290,60.559999999999995
309,294,71.24000000000001
310,305,76.5
311,296,67.7
312,226,62.199999999999996
313,335,51.71
314,317,55.29
315,324,45.23
316,281,52.849999999999994
317,256,50.55
318,316,71.16
319,256,63.559999999999995
320,254,66.60000000000001
321,273,50.33
322,294,58.690000000000005
323,317,50.0
324,324,63.01
325,329,37.43
326,206,41.42
327,316,70.27999999999999
328,312,64.02
329,282,62.81
330,327,67.25
331,268,78.92999999999999
332,366,48.080000000000005
333,264,63.07
334,262,59.730000000000004
335,231,58.199999999999996
336,251,62.36
337,367,63.53
338,302,74.02
339,296,67.04
340,260,65.5
341,361,68.31
342,252,65.48
343,268,36.97
344,294,44.43000000000001
345,370,67.47999999999999
346,308,52.98
347,327,61.92999999999999
348,334,49.58
349,204,41.57
350,299,61.83
351,234,70.75000000000001
352,331,46.699999999999996
353,265,61.44
354,259,71.02
355,296,48.029999999999994
356,283,69.94999999999999
357,313,49.93999999999999
358,287,51.01
359,309,57.62
360,262,80.86999999999999
361,263,50.86
362,365,57.07000000000001
363,361,64.85000000000001
364,287,57.33
365,269,92.2
366,334,63.56
367,335,51.17
368,361,42.57
369,295,67.75
370,277,65.42
371,303,65.43
372,240,62.24
373,302,59.09
374,234,63.31
375,309,60.59
376,314,50.52
377,337,65.18
378,285,64.53
379,309,63.56000000000001
380,261,71.21
381,315,53.75
382,260,55.050000000000004
383,284,71.9
384,297,58.52
385,303,69.96
386,261,65.09
387,238,61.22
388,339,49.870000000000005
389,272,57.269999999999996
390,316,62.00999999999999
391,335,51.839999999999996
392,359,63.92000000000001
393,267,65.25
394,277,66.91000000000001
395,274,62.71
396,332,51.77
397,333,74.67
398,359,52.66
399,277,59.480000000000004
400,313,52.62
401,330,60.67
402,293,51.23
403,341,62.00000000000001
404,295,62.84
405,279,70.06
406,265,47.11000000000001
407,315,53.599999999999994
408,277,51.86
409,335,57.50999999999999
410,261,53.81
411,262,43.660000000000004
412,274,73.83
413,324,70.93
414,256,51.93
415,245,77.88
416,304,53.67
417,283,67.72
418,233,55.839999999999996
419,277,70.69
420,376,67.88000000000001
421,320,66.75999999999999
422,281,70.96999999999998
423,303,68.87
424,341,60.79
425,362,60.730000000000004
426,334,41.940000000000005
427,286,48.59
428,325,58.61000000000001
429,314,56.53
430,294,77.07
431,306,65.56
432,268,71.97999999999999
433,332,51.44
434,252,77.86
435,279,61.39
436,353,69.78
437,276,74.39999999999999
438,322,66.62
439,287,53.53000000000001
440,352,73.94999999999999
441,255,58.89
442,299,49.190000000000005
443,359,68.27000000000001
444,343,63.08
445,295,44.349999999999994
446,364,54.22
447,343,70.7
448,257,45.18
449,289,71.67
450,307,57.27
451,293,72.99000000000001
452,314,60.12
453,241,69.54
454,326,79.89
455,351,77.1
456,226,44.6
457,233,57.44
458,288,60.839999999999996
459,325,51.400000000000006
460,323,72.0
461,316,60.629999999999995
462,333,39.39
463,251,53.54
464,286,66.17999999999999
465,318,56.41
466,330,68.38000000000001
467,274,60.739999999999995
468,389,40.239999999999995
469,288,66.57
470,335,68.53
471,286,44.38
472,270,33.22
473,274,52.25000000000001
474,365,67.78999999999999
475,236,53.38
476,322,70.89
477,345,51.22
478,356,54.88999999999999
479,301,61.05
480,256,60.589999999999996
481,320,54.540000000000006
482,276,54.99999999999999
483,297,60.41
484,308,70.5
485,311,44.379999999999995
486,340,68.66
487,344,73.41
488,317,69.39999999999999
489,294,56.86
490,371,73.02999999999999
491,302,67.42
492,333,57.9
493,367,57.46
494,329,69.74
495,292,52.949999999999996
496,318,53.43000000000001
497,286,65.94
498,243,55.440000000000005
499,295,55.989999999999995
500,316,49.83
501,314,75.24000000000001
502,291,69.21000000000001
503,325,64.43
504,277,63.45
505,217,52.57
506,273,57.769999999999996
507,327,68.68
508,323,64.29
509,337,56.230000000000004
510,312,50.88
511,282,68.03
512,288,60.089999999999996
513,264,67.13000000000001
514,289,72.18
515,293,43.629999999999995
516,308,53.059999999999995
517,320,58.07
518,291,58.8
519,293,55.1
520,300,66.59
521,244,39.17
522,316,73.66000000000001
523,276,30.039999999999996
524,349,60.46999999999999
525,322,32.5
526,322,66.17999999999999
527,307,33.39
528,348,45.879999999999995
529,324,52.800000000000004
530,266,57.61
531,267,58.64
532,238,70.08
533,299,44.93
534,319,71.99000000000001
535,326,46.86
536,290,54.120000000000005
537,287,51.60999999999999
538,353,66.5
539,330,49.199999999999996
540,286,45.519999999999996
541,242,57.28
542,294,77.67999999999999
543,332,67.84
544,317,44.919999999999995
545,311,58.45
546,299,78.67
547,219,49.129999999999995
548,282,51.03
549,265,69.37
550,270,54.22
551,328,63.59
552,294,82.32
553,352,37.529999999999994
554,281,57.46
555,262,54.709999999999994
556,289,66.39
557,291,64.45
558,313,64.77
559,316,49.98
560,300,61.370000000000005
561,321,61.29
562,306,66.80999999999999
563,295,46.44
564,307,73.46
565,278,58.75
566,304,57.97
567,288,60.309999999999995
568,276,72.64
569,344,71.86999999999999
570,314,58.8
571,313,44.95
572,282,43.13
573,321,69.93
574,277,77.54
575,284,81.80000000000001
576,273,67.09
577,324,50.22999999999999
578,295,59.33
579,313,73.1
580,380,78.19
581,285,63.05
582,316,51.61000000000001
583,261,58.8
584,299,75.65
585,334,35.18
586,385,67.01
587,295,43.91
588,290,48.66
589,286,40.089999999999996
590,302,72.89
591,336,50.739999999999995
592,317,49.81999999999999
593,340,67.00999999999999
594,325,64.25
595,301,49.94
596,247,49.18000000000001
597,277,49.04
598,309,52.16
599,299,67.07000000000001
600,306,48.480000000000004
601,267,53.16
602,284,56.29
603,354,46.470000000000006
604,355,58.739999999999995
605,318,90.46000000000001
606,321,57.67
607,254,46.86
608,304,65.32000000000001
609,254,56.77
610,355,67.44999999999999
611,222,62.93
612,367,57.32
613,292,68.15
614,325,70.11
615,271,58.91
616,381,60.949999999999996
617,380,59.41
618,300,55.92
619,260,81.81
620,297,64.53999999999999
621,305,43.21
622,339,56.42
623,307,62.94
624,313,58.78
625,300,54.019999999999996
626,290,63.519999999999996
627,287,70.42999999999999
628,304,46.26
629,351,83.37
630,299,61.53
631,276,47.97
632,305,48.07
633,298,46.62
634,318,66.03
635,251,56.88
636,354,52.48
637,316,54.17
638,306,72.80000000000001
639,310,45.81
640,295,53.620000000000005
641,328,57.0
642,267,62.14
643,300,73.88
644,308,67.08
645,357,67.53999999999999
646,214,71.24
647,343,52.52
648,352,27.54
649,228,75.56
650,322,69.64999999999999
651,245,64.36
652,335,57.47
653,289,65.3
654,325,58.739999999999995
655,263,56.25
656,320,59.14
657,304,58.88999999999999
658,289,47.910000000000004
659,266,45.77
660,275,82.38
661,252,74.3
662,231,71.07999999999998
663,302,50.08
664,307,62.01
665,374,64.6
666,322,65.03
667,330,51.66
668,333,67.96999999999998
669,320,63.5
670,314,79.07000000000001
671,331,46.8
672,281,52.47
673,240,54.95
674,248,60.4
675,326,65.63
676,339,60.61
677,287,64.83
678,324,59.05
679,293,77.32
680,291,61.14999999999999
681,264,48.419999999999995
682,305,65.05
683,333,58.46
684,240,49.05
685,327,33.86
686,287,65.84
687,334,61.96999999999999
688,299,86.38
689,326,66.29999999999998
690,323,63.61
691,315,51.92999999999999
692,274,65.27000000000001
693,332,56.06999999999999
694,298,60.48
695,321,38.6
696,268,55.2
697,251,60.4
698,263,66.92
699,279,64.49
700,305,38.94
701,316,45.06999999999999
702,326,61.2
703,286,56.46
704,290,64.59
705,266,40.23
706,262,62.97
707,287,60.89
708,318,41.099999999999994
709,256,59.019999999999996
710,297,66.7
711,298,62.38999999999999
712,283,36.58
713,335,66.48
714,256,57.71
715,320,74.05
716,340,71.63999999999999
717,285,64.48
718,350,56.22
719,286,63.58
720,268,56.94
721,282,39.65
722,338,61.480000000000004
723,294,56.64
724,304,62.0
725,311,56.04
726,310,54.0
727,322,66.81
728,324,73.01
729,333,61.949999999999996
730,261,76.4
731,328,72.41999999999999
732,291,73.21
733,289,62.39
734,331,57.470000000000006
735,279,40.8
736,259,52.24999999999999
737,342,54.169999999999995
738,292,60.13
739,286,61.70000000000001
740,213,65.11
741,314,38.4
742,341,67.57
743,296,59.84
744,296,64.72999999999999
745,299,56.89
746,336,47.93
747,341,60.339999999999996
748,328,68.31
749,326,54.27
750,278,50.830000000000005
751,291,50.04
752,255,54.18
753,317,40.489999999999995
754,314,60.05
755,271,56.69
756,278,66.08
757,297,52.220000000000006
758,307,76.39000000000001
759,305,62.89
760,247,66.88000000000001
761,319,62.34000000000001
762,332,63.60999999999999
763,296,72.3
764,255,58.48
765,316,59.09
766,288,71.1
767,379,66.38
768,272,67.93
769,302,62.56999999999999
770,269,58.510000000000005
771,276,44.67
772,298,61.93
773,348,54.620000000000005
774,296,57.43
775,257,57.550000000000004
776,320,71.14
777,243,52.1
778,255,61.28
779,291,68.23
780,239,72.00999999999999
781,386,53.519999999999996
782,256,68.7
783,268,40.309999999999995
784,341,73.78999999999999
785,210,70.51
786,261,64.27
787,293,74.11
788,292,55.75
789,254,48.230000000000004
790,267,70.89
791,239,59.099999999999994
792,285,77.34999999999998
793,334,51.02
794,316,63.83
795,294,66.45
796,337,51.45
797,372,56.75
798,343,65.56
799,365,51.74
800,294,74.32000000000001
801,331,69.69
802,286,72.46000000000001
803,261,73.47
804,240,73.79
805,280,57.94
806,339,51.83
807,316,48.27
808,229,54.71999999999999
809,296,62.78
810,340,63.4
811,342,59.7
812,258,41.85
813,299,65.77
814,293,50.62
815,288,82.28
816,293,69.17999999999999
817,273,43.82
818,324,62.53
819,331,56.2
820,329,49.53
821,285,33.79
822,279,57.14
823,230,46.49999999999999
824,305,56.629999999999995
825,309,58.580000000000005
826,306,58.129999999999995
827,353,58.03
828,348,61.330000000000005
829,210,61.42
830,330,50.949999999999996
831,278,66.75999999999999
832,327,83.14
833,318,64.06
834,284,35.54
835,263,35.72
836,317,65.15
837,306,48.79
838,340,73.59
839,264,69.02
840,342,52.44
841,310,63.43
842,276,47.89
843,302,61.010000000000005
844,252,57.489999999999995
845,292,76.11
846,331,63.010000000000005
847,278,52.24
848,297,68.53
849,298,63.71999999999999
850,338,65.14
851,269,58.129999999999995
852,264,73.06
853,299,56.71
854,295,70.92
855,376,68.99
856,343,54.58
857,300,60.97
858,278,60.39
859,278,79.36999999999999
860,333,58.31
861,358,55.55
862,360,59.38
863,290,61.419999999999995
864,319,49.74
865,315,59.86000000000001
866,341,69.81
867,258,48.830000000000005
868,317,61.44
869,337,61.81
870,333,54.870000000000005
871,339,78.13
872,281,63.79
873,303,64.77000000000001
874,315,58.5
875,324,56.309999999999995
876,309,57.57000000000001
877,309,69.44
878,248,64.93
879,310,75.61
880,248,56.78
881,321,53.160000000000004
882,364,59.47
883,314,50.81
884,267,66.49
885,338,74.05
886,326,45.599999999999994
887,243,63.71
888,302,63.29
889,326,48.77
890,297,61.5
891,337,43.33
892,274,59.370000000000005
893,306,57.63
894,260,46.910000000000004
895,312,56.67
896,356,47.93
897,320,66.73
898,335,55.68000000000001
899,309,69.35
900,293,46.96
901,380,85.46
902,299,58.5
903,280,61.84
904,320,75.08000000000001
905,307,51.489999999999995
906,288,62.040000000000006
907,228,45.010000000000005
908,270,60.41
909,308,41.150000000000006
910,309,53.72
911,357,85.7
912,270,47.60000000000001
913,314,77.98
914,349,88.13000000000001
915,333,40.2
916,312,55.24
917,277,43.93000000000001
918,305,71.98000000000002
919,320,57.059999999999995
920,266,43.06999999999999
921,224,47.83
922,278,71.78000000000002
923,252,47.74999999999999
924,322,51.83
925,316,32.92
926,297,56.42999999999999
927,301,48.129999999999995
928,301,53.31
929,321,64.88999999999999
930,325,57.26
931,291,42.02
932,310,69.89
933,342,52.18
934,315,44.120000000000005
935,287,72.44000000000001
936,316,62.43
937,292,60.8
938,286,52.62
939,294,47.47
940,350,62.629999999999995
941,281,62.64
942,312,61.51
943,322,65.85
944,355,55.919999999999995
945,285,56.56
946,265,78.77000000000001
947,285,56.129999999999995
948,318,54.14
949,292,70.01
950,321,47.9
951,255,58.0
952,323,58.129999999999995
953,305,58.25
954,351,57.830000000000005
955,354,57.230000000000004
956,247,62.43
957,263,60.919999999999995
958,313,67.21
959,305,50.13
960,203,63.0
961,242,72.14
962,294,60.79
963,255,55.339999999999996
964,330,62.36
965,320,59.709999999999994
966,303,63.92000000000001
967,368,63.26
968,324,61.88999999999999
969,224,62.85
970,295,62.1
971,257,62.35
972,279,62.86
973,283,49.0
974,263,56.77
975,305,84.56
976,257,48.76
977,323,48.209999999999994
978,334,83.52000000000001
979,318,48.35000000000001
980,322,59.4
981,268,53.31
982,315,52.89
983,328,67.59
984,305,61.74000000000001
985,236,96.15
986,385,43.68
987,283,78.17
988,360,53.620000000000005
989,338,73.05
990,292,69.26
991,299,56.09000000000001
992,326,33.32
993,301,47.620000000000005
994,304,75.07
995,300,53.88999999999999
996,303,48.21
997,262,65.02
998,284,62.14
999,294,53.900000000000006
1000,358,75.28999999999999
1001,299,49.550000000000004
1002,278,50.290000000000006
1003,271,57.93000000000001
1004,317,56.519999999999996
1005,353,59.29
1006,290,67.6
1007,244,52.65
1008,279,44.779999999999994
1009,325,55.72
1010,335,72.31
1011,280,60.330000000000005
1012,322,48.480000000000004
1013,241,56.52
1014,352,43.410000000000004
1015,307,69.83
1016,335,48.43
1017,332,61.18
1018,318,75.11999999999999
1019,262,50.309999999999995
1020,367,55.91
1021,231,50.010000000000005
1022,285,52.0
1023,292,48.46
1024,286,57.61000000000001
1025,316,82.30999999999999
1026,281,50.78
1027,340,69.16
1028,349,66.29
1029,307,68.61999999999999
1030,329,68.68
1031,276,48.44
1032,269,63.660000000000004
1033,331,62.5
1034,289,45.96
1035,298,60.65
1036,305,52.87
1037,253,47.519999999999996
1038,314,39.13
1039,284,53.49
1040,299,64.18
1041,326,71.63999999999999
1042,373,44.99
1043,285,55.73
1044,296,60.05
1045,350,59.79999999999999
1046,312,70.37
1047,274,58.910000000000004
1048,326,64.93
1049,281,52.28
1050,266,43.23
1051,299,72.44
1052,245,33.64
1053,302,57.49999999999999
1054,324,47.66
1055,273,51.22
1056,342,53.540000000000006
1057,380,42.099999999999994
1058,298,58.029999999999994
1059,312,63.809999999999995
1060,300,52.35000000000001
1061,282,61.11
1062,262,42.790000000000006
1063,347,42.44
1064,325,51.4
1065,257,68.26
1066,321,71.02
1067,283,60.76
1068,377,55.99
1069,311,57.870000000000005
1070,330,53.11
1071,384,64.75
1072,247,56.24
1073,268,50.529999999999994
1074,280,67.39999999999999
1075,269,57.98
1076,279,33.97
1077,284,51.010000000000005
1078,331,82.8
1079,287,66.14999999999999
1080,284,57.36
1081,340,80.65
1082,265,65.93
1083,274,64.89
1084,310,71.88
1085,318,70.05
1086,302,56.44
1087,363,68.75999999999999
1088,253,50.629999999999995
1089,319,62.629999999999995
1090,250,53.160000000000004
1091,290,56.85
1092,287,55.96
1093,259,43.73
1094,288,67.49
1095,264,72.39
1096,321,52.95
1097,324,81.38
1098,344,58.010000000000005
1099,293,68.45000000000002
1100,293,69.15
1101,307,58.89
1102,268,51.269999999999996
1103,291,58.51
1104,297,64.18
1105,348,65.64
1106,334,62.019999999999996
1107,262,57.51
1108,311,58.1
1109,327,51.260000000000005
1110,294,59.97
1111,286,57.98
1112,290,47.69
1113,301,64.79
1114,292,64.99
1115,336,56.4
1116,295,63.25999999999999
1117,341,62.089999999999996
1118,274,56.839999999999996
1119,349,66.64
1120,341,50.550000000000004
1121,367,54.519999999999996
1122,358,66.77
1123,296,57.400000000000006
1124,315,61.940000000000005
1125,275,48.42
1126,301,44.040000000000006
1127,250,62.54
1128,287,57.28000000000001
1129,280,39.18
1130,209,36.089999999999996
1131,315,65.99
1132,312,42.519999999999996
1133,299,52.24
1134,313,64.54
1135,302,72.27000000000001
1136,334,79.56000000000002
1137,329,60.47
1138,271,54.17
1139,345,64.36999999999999
1140,340,62.05
1141,251,62.45
1142,268,46.58
1143,318,67.67999999999999
1144,261,58.120000000000005
1145,326,51.84
1146,272,55.61
1147,262,70.21
1148,297,49.45
1149,278,43.849999999999994
1150,319,54.19
1151,231,58.03
1152,276,56.919999999999995
1153,323,41.459999999999994
1154,337,62.17
1155,313,50.9
1156,346,53.94
1157,338,51.58
1158,322,60.85
1159,340,47.43999999999999
1160,281,42.59
1161,252,59.14
1162,232,48.97999999999999
1163,329,70.12
1164,320,52.150000000000006
1165,281,86.84
1166,348,47.23
1167,276,57.68
1168,251,57.339999999999996
1169,306,49.1
1170,253,63.339999999999996
1171,322,51.63
1172,315,57.24999999999999
1173,323,71.25
1174,296,47.919999999999995
1175,272,55.699999999999996
1176,283,60.37
1177,295,51.370000000000005
1178,255,56.47
1179,281,65.7
1180,326,63.81999999999999
1181,327,68.68
1182,331,74.75
1183,290,58.4
1184,283,65.92
1185,298,66.64
1186,295,54.71
1187,329,70.88000000000001
1188,289,54.28
1189,322,54.31
1190,276,41.03
1191,273,55.4
1192,253,76.17999999999999
1193,312,51.06
1194,223,58.95
1195,341,63.94
1196,337,61.080000000000005
1197,273,72.1
1198,303,47.919999999999995
1199,278,70.57
1200,339,69.86
1201,319,69.07
1202,234,52.129999999999995
1203,297,61.84
1204,319,72.24
1205,319,60.07
1206,341,51.040000000000006
1207,289,52.45
1208,333,62.01
1209,310,63.36
1210,285,71.38
1211,293,61.55
1212,346,60.32999999999999
1213,301,66.47
1214,316,51.239999999999995
1215,318,62.739999999999995
1216,319,48.22
1217,250,58.22
1218,317,74.58999999999999
1219,305,60.31999999999999
1220,278,54.68
1221,307,52.25
1222,301,65.47999999999999
1223,315,61.42
1224,303,52.57
1225,269,37.17999999999999
1226,295,57.879999999999995
1227,323,55.99
1228,275,57.58
1229,252,47.82
1230,297,69.89999999999999
1231,268,75.71
1232,277,69.36
1233,229,33.51
1234,322,45.43
1235,219,58.43999999999999
1236,324,55.15
1237,281,50.11
1238,345,73.15
1239,308,55.129999999999995
1240,276,56.44
1241,318,64.48
1242,276,72.13999999999999
1243,344,60.849999999999994
1244,285,68.92999999999999
1245,375,54.970000000000006
1246,282,62.050000000000004
1247,268,51.34
1248,306,61.96
1249,333,71.25
1250,332,45.5
1251,313,56.879999999999995
1252,295,64.61
1253,345,63.20000000000001
1254,323,64.68
1255,283,51.2
1256,278,54.91
1257,325,58.19
1258,260,68.17
1259,310,56.9
1260,345,45.17
1261,322,55.9
1262,345,58.2
1263,254,57.07000000000001
1264,262,48.959999999999994
1265,338,74.01
1266,300,49.900000000000006
1267,290,61.67
1268,313,67.56
1269,322,49.24
1270,287,63.080000000000005
1271,321,77.11
1272,282,60.22
1273,282,45.39000000000001
1274,324,56.87
1275,287,47.93
1276,361,78.88
1277,305,65.37
1278,267,75.14
1279,227,56.54
1280,281,52.38
1281,365,53.28
1282,301,73.04
1283,264,42.63999999999999
1284,294,77.48
1285,306,66.65
1286,297,47.199999999999996
1287,291,54.04
1288,344,66.6
1289,284,51.43000000000001
1290,329,70.44999999999999
1291,304,59.13
1292,284,67.9
1293,326,65.25
1294,312,47.949999999999996
1295,285,58.540000000000006
1296,388,68.99
1297,333,63.74
1298,310,73.89
1299,305,75.94000000000001
1300,278,60.97
1301,274,43.31
1302,292,74.25000000000001
1303,332,64.49000000000001
1304,302,44.78000000000001
1305,291,54.199999999999996
1306,281,62.199999999999996
1307,373,58.67
1308,340,58.01
1309,336,58.099999999999994
1310,327,39.57
1311,281,61.73
1312,306,57.019999999999996
1313,321,59.88
1314,292,52.22
1315,286,60.019999999999996
1316,253,61.010000000000005
1317,363,70.38
1318,308,60.24
1319,281,68.1
1320,341,58.86
1321,258,62.410000000000004
1322,249,45.400000000000006
1323,346,65.01
1324,319,55.12
1325,276,54.620000000000005
1326,319,67.18
1327,310,40.97
1328,346,64.17999999999999
1329,266,50.120000000000005
1330,300,57.17
1331,288,64.89
1332,290,65.7
1333,335,65.77
1334,298,79.75999999999999
1335,343,58.08
1336,254,72.34
1337,332,66.49
1338,326,57.38
1339,304,52.44
1340,288,60.55
1341,312,71.06
1342,275,54.43
1343,219,60.73
1344,293,74.89999999999999
1345,218,22.93
1346,241,49.769999999999996
1347,341,67.66999999999999
1348,276,58.87
1349,311,49.309999999999995
1350,370,82.58
1351,300,42.58
1352,329,46.239999999999995
1353,316,52.11
1354,283,54.86
1355,315,84.30000000000001
1356,313,53.81999999999999
1357,253,55.050000000000004
1358,321,70.11
1359,277,71.04
1360,317,41.29
1361,248,69.79
1362,305,38.18
1363,344,51.96
1364,296,78.82
1365,295,61.66
1366,286,43.910000000000004
1367,331,66.60999999999999
1368,286,61.480000000000004
1369,327,60.02
1370,397,58.0
1371,308,61.62
1372,253,44.69
1373,308,46.01
1374,321,58.76
1375,336,70.49
1376,369,76.3
1377,349,48.06
1378,301,58.529999999999994
1379,357,65.86
1380,343,43.35
1381,311,60.21999999999999
1382,324,75.07
1383,314,53.89000000000001
1384,306,35.379999999999995
1385,353,45.58
1386,350,51.540000000000006
1387,278,49.37
1388,318,58.63
1389,231,65.01
1390,309,37.88
1391,363,55.88
1392,278,74.36
1393,326,71.22999999999999
1394,292,71.44
1395,296,53.99
1396,326,57.8
1397,214,25.87
1398,268,52.08
1399,322,60.0
1400,279,47.14
1401,277,59.79
1402,264,66.77000000000001
1403,284,50.129999999999995
1404,264,43.04
1405,309,44.7
1406,342,57.279999999999994
1407,294,49.279999999999994
1408,296,53.309999999999995
1409,315,64.34
1410,263,60.6
1411,290,54.31
1412,259,54.940000000000005
1413,263,60.1
1414,330,57.99
1415,298,53.17
1416,319,66.14999999999999
1417,257,40.0
1418,286,63.36
1419,300,39.92
1420,263,54.489999999999995
1421,293,75.69
1422,224,59.35999999999999
1423,380,39.550000000000004
1424,298,55.05000000000001
1425,357,51.29
1426,299,53.489999999999995
1427,293,66.5
1428,332,66.15
1429,293,64.76
1430,262,68.78
1431,338,66.03
1432,290,54.93
1433,278,64.43
1434,359,51.51
1435,362,49.94
1436,296,67.37
1437,359,72.41000000000001
1438,342,68.78
1439,362,54.72
1440,281,50.410000000000004
1441,343,75.99999999999999
1442,276,62.330000000000005
1443,294,59.529999999999994
1444,263,65.02
1445,312,72.02
1446,232,44.68
1447,343,56.37
1448,336,65.42
1449,234,72.87
1450,291,46.839999999999996
1451,344,64.1
1452,324,52.169999999999995
1453,336,62.3
1454,280,61.269999999999996
1455,251,60.27
1456,318,43.36
1457,334,46.02
1458,291,54.190000000000005
1459,260,63.56
1460,323,57.699999999999996
1461,274,40.25
1462,340,57.53
1463,238,57.099999999999994
1464,279,64.07
1465,305,44.07
1466,295,39.120000000000005
1467,281,63.43000000000001
1468,343,47.440000000000005
1469,273,62.94
1470,289,53.71000000000001
1471,286,60.56
1472,271,79.54
1473,315,72.78
1474,239,48.13
1475,326,36.67999999999999
1476,254,61.190000000000005
1477,329,65.39999999999999
1478,308,71.53999999999999
1479,295,65.57000000000001
1480,286,43.48
1481,309,58.61
1482,313,61.379999999999995
1483,296,69.07000000000001
1484,318,52.54
1485,336,49.77000000000001
1486,271,55.72
1487,273,72.23
1488,285,64.59
1489,331,48.279999999999994
1490,280,69.95
1491,331,61.300000000000004
1492,291,72.68
1493,284,49.33
1494,308,63.410000000000004
1495,317,71.69
1496,305,54.45
1497,302,55.45
1498,305,64.09
1499,300,53.89000000000001
1500,291,63.18
1501,294,67.26
1502,299,64.67
1503,305,68.01
1504,386,59.79
1505,343,68.05999999999999
1506,265,71.24
1507,342,61.96
1508,282,62.38
1509,308,67.25000000000001
1510,270,72.32999999999998
1511,277,69.03
1512,294,56.790000000000006
1513,324,70.21
1514,327,60.66
1515,311,48.720000000000006
1516,309,71.28999999999999
1517,285,64.31
1518,299,53.17999999999999
1519,309,60.7
1520,342,55.86000000000001
1521,214,62.85999999999999
1522,308,55.169999999999995
1523,298,48.94
1524,313,45.10000000000001
1525,301,42.97
1526,341,66.01
1527,319,52.31
1528,311,62.519999999999996
1529,299,53.989999999999995
1530,339,77.16
1531,313,33.849999999999994
1532,280,50.839999999999996
1533,278,75.48
1534,302,74.89
1535,272,67.53999999999999
1536,290,40.32
1537,328,54.53
1538,313,30.830000000000002
1539,329,60.050000000000004
1540,297,42.11000000000001
1541,300,67.7
1542,338,71.47
1543,259,60.24
1544,273,53.75
1545,256,60.29
1546,302,49.480000000000004
1547,293,49.08
1548,318,71.10000000000001
1549,344,47.78
1550,314,35.709999999999994
1551,308,63.18
1552,275,51.879999999999995
1553,258,68.61999999999999
1554,261,65.24
1555,316,58.190000000000005
1556,371,65.62
1557,232,59.800000000000004
1558,280,53.269999999999996
1559,313,67.19
1560,301,57.15
1561,257,55.05000000000001
1562,299,56.29
1563,291,57.92999999999999
1564,255,46.22
1565,352,43.730000000000004
1566,239,69.00999999999999
1567,314,50.66
1568,291,53.68
1569,298,61.47
1570,297,58.95
1571,300,64.09
1572,260,57.07
1573,267,51.88
1574,269,69.81
1575,298,51.25999999999999
1576,247,48.17
1577,371,58.309999999999995
1578,276,52.6
1579,288,54.86
1580,312,79.30000000000001
1581,294,60.089999999999996
1582,283,50.449999999999996
1583,259,71.78
1584,329,54.81
1585,284,74.06
1586,227,38.9
1587,300,63.43
1588,315,60.62
1589,258,51.47
1590,312,66.39999999999999
1591,339,60.06
1592,314,47.18
1593,312,84.67
1594,268,42.57
1595,251,55.04
1596,314,63.28
1597,304,56.269999999999996
1598,284,45.27
1599,306,63.24
1600,343,59.0
1601,297,81.41
1602,364,69.7
1603,285,46.529999999999994
1604,246,51.09
1605,336,52.84
1606,356,71.16000000000001
1607,273,50.39
1608,286,69.86
1609,291,64.64
1610,266,69.45
1611,260,42.47
1612,314,63.08
1613,312,61.699999999999996
1614,287,76.98
1615,208,59.489999999999995
1616,308,60.51
1617,324,53.58
1618,323,59.91
1619,317,47.07
1620,301,64.33
1621,369,25.52
1622,297,61.129999999999995
1623,367,57.4
1624,370,66.05000000000001
1625,313,78.89
1626,280,59.550000000000004
1627,289,57.14
1628,278,41.519999999999996
1629,319,55.120000000000005
1630,387,65.13
1631,301,57.230000000000004
1632,333,56.89
1633,270,63.94
1634,331,60.940000000000005
1635,354,52.50000000000001
1636,281,66.12
1637,308,69.89999999999999
1638,238,52.529999999999994
1639,284,52.17999999999999
1640,295,64.88
1641,246,68.07000000000001
1642,320,34.84
1643,277,53.58
1644,253,56.260000000000005
1645,327,87.29
1646,396,77.3
1647,270,60.17
1648,325,64.27
1649,335,38.59
1650,290,72.02999999999999
1651,353,58.45
1652,308,71.9
1653,287,51.02
1654,274,37.38
1655,283,53.36
1656,359,53.239999999999995
1657,267,47.230000000000004
1658,281,57.09
1659,260,57.22
1660,263,67.98
1661,348,66.59
1662,290,52.07
1663,307,60.449999999999996
1664,291,61.03
1665,336,52.57000000000001
1666,228,63.74999999999999
1667,309,56.04
1668,316,54.69
1669,327,68.39
1670,261,51.76
1671,239,63.28
1672,262,60.4
1673,285,64.14
1674,283,73.25
1675,266,55.849999999999994
1676,297,46.480000000000004
1677,247,58.93
1678,317,58.85
1679,295,88.66
1680,334,60.35999999999999
1681,304,56.2
1682,221,51.60999999999999
1683,351,67.59
1684,302,39.81
1685,257,48.11
1686,221,72.82
1687,296,31.339999999999996
1688,320,38.95
1689,245,46.7
1690,367,68.94
1691,301,75.63
1692,313,74.99
1693,356,66.12
1694,284,52.76
1695,322,67.71
1696,301,63.970000000000006
1697,307,59.06
1698,281,63.19
1699,357,60.760000000000005
1700,263,58.17
1701,236,84.08
1702,266,52.699999999999996
1703,285,58.46
1704,275,76.34
1705,324,64.14
1706,386,71.91999999999999
1707,311,46.75
1708,322,58.7
1709,188,65.89
1710,279,63.02
1711,303,62.74000000000001
1712,303,58.019999999999996
1713,251,49.47
1714,252,56.769999999999996
1715,301,52.42
1716,251,55.71000000000001
1717,328,54.08999999999999
1718,300,74.46000000000001
1719,355,56.85
1720,339,53.910000000000004
1721,316,62.16
1722,343,40.13
1723,273,62.75999999999999
1724,220,38.74
1725,322,55.76
1726,337,52.58
1727,220,45.71
1728,247,57.019999999999996
1729,313,42.05
1730,298,54.589999999999996
1731,310,80.35000000000001
1732,320,54.96
1733,252,55.870000000000005
1734,300,65.67999999999999
1735,249,49.81
1736,340,76.64
1737,256,53.78
1738,254,65.1
1739,407,80.35999999999999
1740,338,56.45
1741,275,73.39
1742,274,38.85
1743,288,73.75999999999999
1744,314,75.54
1745,340,64.09
1746,334,63.06
1747,345,53.28
1748,372,67.77
1749,321,51.900000000000006
1750,295,47.269999999999996
1751,308,64.2
1752,264,53.59
1753,314,54.269999999999996
1754,327,63.449999999999996
1755,312,51.14
1756,320,44.40999999999999
1757,335,56.24
1758,303,68.27999999999999
1759,301,66.48
1760,306,68.83
1761,364,73.10999999999999
1762,288,55.8
1763,291,62.39
1764,261,76.08
1765,293,50.519999999999996
1766,281,53.72
1767,296,53.39
1768,334,50.47
1769,261,62.650000000000006
1770,332,59.5
1771,337,47.99
1772,269,52.11
1773,277,64.14
1774,285,70.33
1775,274,79.19
1776,341,62.14
1777,260,74.67
1778,255,47.209999999999994
1779,318,62.43
1780,297,58.61
1781,303,62.26
1782,235,59.99000000000001
1783,347,46.85999999999999
1784,285,59.36
1785,297,54.730000000000004
1786,319,54.96
1787,276,64.69000000000001
1788,313,57.300000000000004
1789,324,51.29
1790,346,61.989999999999995
1791,304,52.599999999999994
1792,308,51.26
1793,315,65.25
1794,288,79.97
1795,360,59.99
1796,310,49.089999999999996
1797,320,53.650000000000006
1798,282,68.64999999999999
1799,260,47.599999999999994
1800,314,71.85000000000001
1801,329,61.089999999999996
1802,308,70.74000000000001
1803,273,63.75
1804,341,59.959999999999994
1805,320,68.3
1806,311,63.42
1807,297,59.91
1808,290,70.33
1809,334,61.15999999999999
1810,372,66.92
1811,331,52.64
1812,321,73.84
1813,309,55.85999999999999
1814,393,60.79
1815,256,59.870000000000005
1816,339,61.13
1817,370,51.15
1818,378,56.01
1819,269,64.88
1820,294,48.1
1821,322,75.86
1822,294,52.31
1823,303,70.50999999999999
1824,301,64.13
1825,277,63.980000000000004
1826,361,58.11
1827,298,58.36
1828,242,53.040000000000006
1829,326,63.5
1830,289,71.58
1831,322,63.68999999999999
1832,351,61.56
1833,302,69.27
1834,340,66.65
1835,322,58.67
1836,315,62.29999999999999
1837,268,45.03000000000001
1838,372,61.28
1839,302,60.449999999999996
1840,323,59.42
1841,308,50.81
1842,261,76.84
1843,254,58.519999999999996
1844,293,56.33
1845,330,66.97999999999999
1846,304,55.489999999999995
1847,307,51.53000000000001
1848,323,49.96000000000001
1849,300,75.86
1850,378,61.15
1851,353,53.760000000000005
1852,356,53.47
1853,269,62.400000000000006
1854,323,61.89000000000001
1855,296,37.69
1856,258,63.74
1857,329,76.58999999999999
1858,295,72.33999999999999
1859,322,63.510000000000005
1860,292,70.23
1861,319,48.989999999999995
1862,286,74.91
1863,285,59.35
1864,238,67.65
1865,313,50.150000000000006
1866,314,47.48
1867,289,58.11
1868,261,65.36
1869,355,80.01
1870,337,64.36
1871,286,62.57000000000001
1872,244,51.32
1873,289,64.38
1874,342,57.04
1875,275,55.629999999999995
1876,388,57.4
1877,329,64.84
1878,366,82.26
1879,376,50.25
1880,292,55.76
1881,297,79.13
1882,233,65.74000000000001
1883,268,52.66
1884,292,52.12
1885,287,70.79
1886,305,45.080000000000005
1887,298,47.16
1888,267,63.59
1889,326,48.5
1890,267,64.48
1891,261,63.14
1892,355,63.11
1893,343,78.80000000000001
1894,305,48.300000000000004
1895,319,59.809999999999995
1896,329,60.42
1897,303,70.35000000000001
1898,304,75.08
1899,262,47.790000000000006
1900,280,69.14
1901,340,64.58
1902,224,65.38
1903,364,61.01
1904,314,55.75000000000001
1905,307,58.39
1906,313,43.85
1907,325,64.74000000000001
1908,364,44.050000000000004
1909,287,70.86999999999999
1910,319,44.63999999999999
1911,224,62.69
1912,355,52.730000000000004
1913,279,54.42
1914,308,46.15
1915,337,68.22000000000001
1916,319,55.21
1917,310,57.5
1918,328,61.21
1919,321,43.33
1920,303,64.82
1921,323,43.2
1922,338,65.54
1923,356,71.72
1924,302,63.379999999999995
1925,345,62.919999999999995
1926,308,55.04
1927,309,50.54
1928,291,50.28
1929,356,58.24
1930,287,55.059999999999995
1931,266,66.09
1932,310,62.17
1933,258,79.03
1934,329,84.92999999999999
1935,298,51.0
1936,357,38.54
1937,365,58.09
1938,262,51.150000000000006
1939,302,51.669999999999995
1940,269,56.7
1941,345,59.629999999999995
1942,282,63.35
1943,298,57.480000000000004
1944,289,58.660000000000004
1945,233,68.17999999999999
1946,261,58.9
1947,296,62.17
1948,325,59.230000000000004
1949,283,60.43000000000001
1950,298,47.5
1951,339,46.52000000000001
1952,327,58.989999999999995
1953,350,67.62
1954,310,76.00999999999999
1955,281,63.720000000000006
1956,253,62.0
1957,283,63.31
1958,284,42.77
1959,272,67.85
1960,263,40.61
1961,292,51.42999999999999
1962,323,53.07000000000001
1963,354,45.279999999999994
1964,291,57.349999999999994
1965,334,67.21
1966,335,55.6
1967,302,53.24
1968,296,55.8
1969,293,54.24
1970,317,59.51
1971,314,69.07000000000001
1972,275,56.83
1973,298,76.94000000000001
1974,239,55.13
1975,294,46.27
1976,292,68.30000000000001
1977,297,69.94999999999999
1978,247,59.97
1979,244,63.89
1980,297,59.800000000000004
1981,354,52.23
1982,253,62.5
1983,269,56.209999999999994
1984,307,77.13999999999999
1985,320,49.93000000000001
1986,272,23.25
1987,325,50.32
1988,296,54.14000000000001
1989,218,60.300000000000004
1990,311,55.550000000000004
1991,313,58.66
1992,264,60.489999999999995
1993,283,70.26
1994,260,49.5
1995,340,78.37
1996,340,66.42
1997,267,67.28
1998,280,43.26
1999,265,40.69
2000,291,53.71999999999999
2001,328,76.36999999999999
2002,328,60.58999999999999
2003,340,58.199999999999996
2004,264,63.11
2005,276,51.93
2006,271,57.59
2007,298,71.14
2008,304,68.36999999999999
2009,303,48.13
2010,360,45.24
2011,316,60.629999999999995
2012,308,50.63
2013,270,59.81999999999999
2014,280,57.940000000000005
2015,286,67.37
2016,297,66.99000000000001
2017,320,54.38
2018,312,60.7
2019,288,58.72
2020,270,71.57000000000001
2021,313,59.269999999999996
2022,249,47.900000000000006
2023,303,55.49
2024,272,55.209999999999994
2025,361,54.49
2026,328,57.95
2027,337,58.050000000000004
2028,309,84.67999999999999
2029,316,54.53
2030,308,68.14
2031,305,56.96
2032,254,56.2
2033,223,74.8
2034,337,61.14
2035,229,71.14999999999999
2036,328,64.31
2037,325,43.620000000000005
2038,313,79.64
2039,315,50.81
2040,352,44.699999999999996
2041,238,63.339999999999996
2042,249,73.82
2043,309,46.55
2044,355,57.83
2045,316,69.66
2046,305,56.019999999999996
2047,333,63.65
2048,342,55.07000000000001
2049,276,64.07
2050,297,59.53
2051,310,72.49
2052,316,50.27
2053,364,72.9
2054,325,49.33
2055,287,54.5
2056,318,54.379999999999995
2057,291,43.65
2058,254,73.06
2059,309,76.22
2060,271,69.44999999999999
2061,322,72.59000000000002
2062,326,62.68000000000001
2063,385,44.419999999999995
2064,256,54.31
2065,243,61.74999999999999
2066,303,64.56
2067,273,57.019999999999996
2068,274,50.6
2069,336,76.29
2070,279,58.4
2071,311,69.74
2072,341,48.529999999999994
2073,338,61.29
2074,335,58.58
2075,369,56.85
2076,325,72.73
2077,360,68.66000000000001
2078,270,42.46999999999999
2079,311,71.04
2080,260,73.42999999999999
2081,316,49.87
2082,281,66.91000000000001
2083,266,49.89
2084,281,56.72
2085,299,49.269999999999996
2086,247,54.79
2087,308,58.31
2088,281,63.48000000000001
2089,293,64.38
2090,293,67.14
2091,243,59.50000000000001
2092,342,61.5
2093,255,64.58
2094,280,56.92999999999999
2095,336,66.75
2096,261,58.93000000000001
2097,272,54.18999999999999
2098,333,55.74
2099,326,85.52999999999999
2100,308,33.97
2101,299,52.83
2102,296,71.81
2103,300,80.07
2104,267,46.02
2105,265,70.55000000000001
2106,300,64.92999999999999
2107,300,76.38000000000001
2108,248,52.739999999999995
2109,321,57.42
2110,276,49.599999999999994
2111,266,47.14
2112,271,51.559999999999995
2113,292,85.09
2114,279,70.28
2115,323,62.910000000000004
2116,232,54.51
2117,327,63.11000000000001
2118,305,57.79
2119,293,76.63
2120,257,58.69
2121,296,48.87
2122,269,83.32999999999998
2123,277,42.28999999999999
2124,310,33.74
2125,243,55.45
2126,308,71.43
2127,271,63.71
2128,291,44.08
2129,355,61.02
2130,281,72.7
2131,262,54.94
2132,320,44.79
2133,277,63.59
2134,238,69.19
2135,350,55.85
2136,291,69.66999999999999
2137,306,63.51
2138,341,64.02
2139,327,76.53999999999999
2140,271,59.79
2141,314,50.349999999999994
2142,325,44.25000000000001
2143,299,48.62
2144,241,46.309999999999995
2145,304,64.64
2146,325,59.37
2147,296,75.67000000000002
2148,266,56.53
2149,255,74.53999999999999
2150,342,75.86000000000001
2151,310,50.5
2152,333,57.42
2153,281,39.660000000000004
2154,342,70.76
2155,317,78.52999999999999
2156,293,67.12
2157,331,56.62
2158,281,44.72
2159,326,63.910000000000004
2160,276,54.02
2161,251,56.260000000000005
2162,309,71.81
2163,297,73.53999999999999
2164,277,72.17
2165,316,61.32999999999999
2166,287,64.22
2167,309,52.81
2168,351,54.56
2169,267,60.040000000000006
2170,301,63.76
2171,317,60.11
2172,258,64.27000000000001
2173,339,33.800000000000004
2174,286,37.86
2175,314,50.739999999999995
2176,258,58.339999999999996
2177,278,61.8
2178,305,47.730000000000004
2179,305,39.7
2180,332,52.0
2181,328,67.47999999999999
2182,326,65.36
2183,341,60.790000000000006
2184,297,65.38
2185,302,57.29
2186,281,80.39
2187,296,56.580000000000005
2188,310,60.83
2189,312,41.29
2190,302,48.74
2191,304,37.54
2192,275,57.04
2193,267,72.89
2194,287,47.45
2195,292,53.89999999999999
2196,238,65.45
2197,295,65.12
2198,343,65.37
2199,249,69.16
2200,281,52.48000000000001
2201,359,43.06
2202,255,60.47
2203,316,63.43
2204,374,46.96
2205,344,51.07
2206,362,59.73
2207,326,47.71
2208,321,58.870000000000005
2209,270,50.42
2210,261,78.22
2211,321,66.97999999999999
2212,256,65.1
2213,265,74.92999999999999
2214,348,64.44
2215,299,79.38
2216,279,67.86
2217,305,58.60999999999999
2218,298,56.629999999999995
2219,279,39.44
2220,264,62.64
2221,259,59.53
2222,284,58.870000000000005
2223,297,57.38999999999999
2224,229,49.72
2225,246,61.190000000000005
2226,321,51.08999999999999
2227,337,71.96
2228,255,62.01
2229,317,69.8
2230,345,60.459999999999994
2231,305,34.11
2232,278,44.87
2233,284,54.29
2234,298,63.78000000000001
2235,237,61.37
2236,342,69.65
2237,280,56.34
2238,341,75.78999999999999
2239,352,59.6
2240,286,52.91000000000001
2241,327,30.18
2242,291,63.21
2243,320,52.269999999999996
2244,273,70.72
2245,297,58.550000000000004
2246,249,52.44
2247,309,63.15
2248,346,74.08000000000001
2249,249,41.92
2250,377,68.61999999999999
2251,267,53.53000000000001
2252,328,28.73
2253,281,41.99999999999999
2254,245,53.67
2255,317,47.519999999999996
2256,306,60.84
2257,275,68.80000000000001
2258,279,75.03999999999999
2259,287,77.30000000000001
2260,305,80.13000000000001
2261,232,72.10000000000001
2262,242,37.44
2263,394,71.76
2264,309,62.24
2265,267,81.16999999999999
2266,290,64.29
2267,360,84.91999999999999
2268,299,53.75999999999999
2269,345,37.18
2270,262,69.68
2271,277,58.540000000000006
2272,301,58.59
2273,326,51.06999999999999
2274,204,71.00999999999999
2275,348,64.28
2276,207,55.59
2277,321,57.870000000000005
2278,221,65.61
2279,328,48.26
2280,332,60.190000000000005
2281,229,67.33999999999999
2282,235,57.98
2283,321,55.39000000000001
2284,295,53.559999999999995
2285,299,55.75
2286,315,54.49
2287,305,70.13
2288,324,56.050000000000004
2289,227,77.82000000000001
2290,363,75.87
2291,228,64.88
2292,355,49.39999999999999
2293,236,67.17
2294,348,54.03
2295,309,46.29
2296,277,61.76
2297,304,47.379999999999995
2298,294,38.42
2299,261,68.58999999999999
2300,277,63.1
2301,286,54.67
2302,286,57.86000000000001
2303,271,32.489999999999995
2304,329,48.34
2305,284,50.800000000000004
2306,306,70.31
2307,271,75.1
2308,269,61.26
2309,264,62.18999999999999
2310,301,72.45000000000002
2311,327,62.96
2312,264,57.949999999999996
2313,253,67.92
2314,290,67.25
2315,266,53.150000000000006
2316,306,50.300000000000004
2317,250,59.55
2318,298,62.959999999999994
2319,311,78.33
2320,327,51.05
2321,229,69.38
2322,315,76.78
2323,256,56.72
2324,322,55.72
2325,352,79.69000000000001
2326,331,68.08000000000001
2327,254,50.58
2328,274,49.45
2329,358,50.08
2330,327,54.92
2331,330,71.86999999999999
2332,283,54.83
2333,300,51.27
2334,270,40.57
2335,267,54.39
2336,310,66.42999999999999
2337,301,68.38
2338,296,51.51
2339,278,43.62
2340,249,61.32
2341,332,53.78000000000001
2342,327,57.52
2343,259,57.339999999999996
2344,306,62.03000000000001
2345,282,69.99
2346,298,51.6
2347,294,60.66
2348,314,75.69
2349,303,66.52
2350,334,43.32
2351,309,56.660000000000004
2352,225,57.7
2353,221,53.980000000000004
2354,296,77.09
2355,319,72.86999999999999
2356,329,84.85
2357,319,61.220000000000006
2358,340,43.32
2359,270,52.440000000000005
2360,316,64.56
2361,266,38.93000000000001
2362,374,65.04
2363,250,48.66
2364,207,61.35
2365,305,70.22
2366,288,50.599999999999994
2367,300,70.75
2368,270,65.26
2369,336,53.669999999999995
2370,306,57.190000000000005
2371,270,66.85
2372,308,57.43
2373,314,69.99
2374,309,59.660000000000004
2375,329,41.43000000000001
2376,236,79.58999999999999
2377,358,50.7
2378,317,58.74
2379,303,59.41
2380,364,63.099999999999994
2381,231,57.64
2382,352,47.16
2383,328,52.31
2384,300,71.43
2385,264,72.46
2386,290,59.93000000000001
2387,317,55.94
2388,341,84.1
2389,344,62.82
2390,304,62.51
2391,300,56.27
2392,344,57.9
2393,258,39.97
2394,344,60.06
2395,270,67.72
2396,289,64.6
2397,236,76.74000000000001
2398,268,54.199999999999996
2399,276,50.910000000000004
2400,300,56.62
2401,292,76.03
2402,323,51.199999999999996
2403,345,43.71999999999999
2404,232,61.71
2405,358,59.11
2406,311,59.879999999999995
2407,266,64.88000000000001
2408,286,65.04
2409,349,49.42
2410,349,45.07
2411,263,60.419999999999995
2412,319,78.86
2413,256,67.71
2414,239,41.519999999999996
2415,336,53.550000000000004
2416,336,59.449999999999996
2417,280,41.67
2418,283,63.58
2419,296,74.74000000000001
2420,291,52.550000000000004
2421,279,55.93000000000001
2422,260,46.160000000000004
2423,271,45.419999999999995
2424,336,45.489999999999995
2425,282,45.44
2426,350,54.10999999999999
2427,275,57.160000000000004
2428,295,44.349999999999994
2429,267,71.47
2430,298,56.03
2431,263,57.150000000000006
2432,327,52.349999999999994
2433,327,65.89999999999999
2434,320,41.059999999999995
2435,282,87.03
2436,339,65.67
2437,328,56.51
2438,305,65.73
2439,320,57.09
2440,367,60.400000000000006
2441,296,55.82
2442,313,66.73
2443,303,41.58
2444,331,76.81
2445,304,60.51
2446,334,54.660000000000004
2447,331,58.64999999999999
2448,302,60.55
2449,329,69.27999999999999
2450,309,52.980000000000004
2451,332,75.52000000000001
2452,285,54.940000000000005
2453,229,64.57
2454,329,50.279999999999994
2455,368,47.42
2456,302,66.93
2457,282,61.35999999999999
2458,319,73.53999999999999
2459,261,64.85
2460,278,45.02
2461,325,64.27
2462,306,55.449999999999996
2463,261,58.629999999999995
2464,300,39.19
2465,261,56.65
2466,263,44.519999999999996
2467,281,58.41
2468,304,60.01
2469,364,50.27
2470,327,63.699999999999996
2471,310,55.050000000000004
2472,325,51.900000000000006
2473,244,60.059999999999995
2474,299,56.61
2475,262,54.47
2476,275,52.769999999999996
2477,307,65.66999999999999
2478,270,81.34
2479,301,63.16
2480,294,64.53
2481,342,61.58
2482,237,67.8
2483,306,66.89
2484,340,59.74
2485,258,77.55999999999999
2486,277,49.74
2487,313,48.55
2488,346,56.260000000000005
2489,280,56.22
2490,286,66.8
2491,323,49.88999999999999
2492,203,57.95
2493,243,45.379999999999995
2494,340,65.91
2495,276,54.31999999999999
2496,345,48.449999999999996
2497,270,33.46
2498,323,47.83
2499,296,72.81
2500,295,66.39
2501,266,55.38999999999999
2502,304,68.92000000000002
2503,304,62.220000000000006
2504,287,50.04
2505,305,55.96000000000001
2506,346,68.57000000000001
2507,319,50.699999999999996
2508,352,56.06
2509,317,35.34
2510,335,66.92
2511,341,47.11
2512,259,52.16
2513,345,37.82
2514,295,62.519999999999996
2515,260,50.67
2516,279,50.94
2517,302,67.63
2518,293,56.050000000000004
2519,263,48.33
2520,311,54.330000000000005
2521,323,60.74
2522,342,50.85
2523,280,49.59
2524,299,72.55
2525,269,64.96
2526,236,42.71
2527,281,54.81
2528,253,63.410000000000004
2529,354,61.589999999999996
2530,314,71.02
2531,334,50.72
2532,265,65.7
2533,253,67.77
2534,314,50.42
2535,276,43.12
2536,217,80.98
2537,212,61.959999999999994
2538,276,52.510000000000005
2539,333,73.36
2540,296,39.43
2541,290,49.36
2542,355,77.48
2543,277,71.42999999999999
2544,244,54.42
2545,358,52.31
2546,251,59.470000000000006
2547,306,57.06000000000001
2548,307,57.71
2549,369,57.81000000000001
2550,298,58.72
2551,267,61.61999999999999
2552,351,68.01
2553,326,74.03
2554,279,52.550000000000004
2555,319,62.019999999999996
2556,282,44.08
2557,360,67.64999999999999
2558,303,45.980000000000004
2559,277,66.18
2560,289,67.92
2561,355,51.41
2562,292,53.629999999999995
2563,299,50.04
2564,249,55.120000000000005
2565,312,45.62
2566,294,58.24
2567,313,75.08
2568,237,68.67999999999999
2569,289,61.660000000000004
2570,299,41.78999999999999
2571,211,64.17000000000002
2572,223,75.39
2573,315,79.39
2574,382,52.5
2575,333,53.099999999999994
2576,274,65.75
2577,262,60.699999999999996
2578,378,60.55
2579,312,54.050000000000004
2580,312,48.54
2581,316,48.23
2582,300,61.129999999999995
2583,332,56.51
2584,309,65.98
2585,327,56.28
2586,286,57.24999999999999
2587,355,66.41
2588,310,58.88
2589,283,56.8
2590,305,61.46
2591,377,75.25
2592,262,62.300000000000004
2593,312,54.49999999999999
2594,294,88.97
2595,226,78.67
2596,334,44.160000000000004
2597,277,67.3
2598,296,52.93
2599,320,74.92999999999999
2600,324,67.25
2601,312,60.69
2602,351,50.69
2603,323,75.67
2604,246,58.68999999999999
2605,326,81.19000000000001
2606,331,77.46
2607,296,59.23
2608,325,63.46
2609,266,70.9
2610,320,46.510000000000005
2611,279,53.9
2612,283,70.2
2613,342,60.51
2614,304,81.84
2615,292,57.269999999999996
2616,366,53.459999999999994
2617,290,55.940000000000005
2618,318,62.86999999999999
2619,252,56.120000000000005
2620,334,66.38
2621,361,61.800000000000004
2622,333,56.77000000000001
2623,305,66.66
2624,290,66.37
2625,332,55.35
2626,280,55.68
2627,277,65.28999999999999
2628,334,62.10000000000001
2629,310,90.12
2630,334,61.19
2631,302,58.31
2632,282,55.28999999999999
2633,297,63.56
2634,283,50.809999999999995
2635,288,60.44
2636,244,56.39
2637,271,61.74
2638,315,57.49999999999999
2639,255,73.05
2640,326,79.55000000000001
2641,301,61.31999999999999
2642,302,50.49
2643,320,42.6
2644,264,61.23
2645,314,67.72
2646,359,65.41000000000001
2647,309,84.82000000000001
2648,338,65.84
2649,325,65.98
2650,256,50.6
2651,275,70.0
2652,331,58.949999999999996
2653,309,45.67
2654,280,65.65
2655,257,61.419999999999995
2656,320,70.62
2657,249,71.75
2658,308,68.00000000000001
2659,249,53.88
2660,326,82.76
2661,316,69.16999999999999
2662,272,54.120000000000005
2663,289,65.63000000000001
2664,300,60.779999999999994
2665,322,51.18999999999999
2666,350,72.65
2667,341,59.96000000000001
2668,286,57.769999999999996
2669,304,47.269999999999996
2670,306,60.9
2671,277,52.56
2672,306,74.52000000000001
2673,279,71.01
2674,382,48.970000000000006
2675,336,60.489999999999995
2676,253,69.52
2677,299,76.19
2678,268,72.79
2679,294,62.95
2680,234,57.82999999999999
2681,289,54.66
2682,269,36.35999999999999
2683,281,64.84
2684,283,63.68
2685,285,59.76
2686,289,59.220000000000006
2687,310,75.07000000000001
2688,367,65.16
2689,309,58.63
2690,311,70.28
2691,346,60.43
2692,292,72.28999999999999
2693,289,61.83
2694,241,74.97
2695,304,53.53
2696,306,87.27999999999999
2697,271,65.55
2698,277,66.75999999999999
2699,309,45.45
2700,303,75.08
2701,279,64.35999999999999
2702,335,54.5
2703,354,33.0
2704,326,48.75000000000001
2705,288,72.82000000000001
2706,315,61.54
2707,277,30.48
2708,323,80.44
2709,271,32.86
2710,298,78.4
2711,358,65.65
2712,296,57.8
2713,317,57.66
2714,274,54.81
2715,269,79.62
2716,300,59.81000000000001
2717,345,51.69
2718,334,63.47999999999999
2719,333,61.25000000000001
2720,280,57.25
2721,332,71.13000000000001
2722,283,46.309999999999995
2723,271,44.56999999999999
2724,336,75.15
2725,267,52.75
2726,345,57.540000000000006
2727,337,66.93
2728,317,58.580000000000005
2729,318,51.2
2730,364,64.66999999999999
2731,311,74.83
2732,315,77.92
2733,287,61.709999999999994
2734,308,56.339999999999996
2735,284,57.97
2736,371,35.43
2737,364,62.89
2738,277,52.27
2739,302,54.25
2740,291,61.38
2741,367,69.35
2742,326,69.3
2743,304,69.52
2744,319,50.260000000000005
2745,293,43.78
2746,320,59.17000000000001
2747,257,80.71000000000001
2748,242,52.480000000000004
2749,331,67.82000000000001
2750,300,48.32
2751,274,64.2
2752,322,52.120000000000005
2753,266,27.77
2754,285,62.46999999999999
2755,265,67.08
2756,294,42.49
2757,243,68.94999999999999
2758,373,64.51
2759,357,43.69
2760,268,71.03999999999999
2761,331,59.510000000000005
2762,268,32.89
2763,338,53.11
2764,301,78.99
2765,324,48.19
2766,303,58.08
2767,295,48.47
2768,303,46.83
2769,252,51.6
2770,234,47.32
2771,240,60.160000000000004
2772,299,50.78
2773,314,71.22000000000001
2774,362,69.46000000000001
2775,280,68.57000000000001
2776,361,61.76
2777,245,68.91
2778,325,56.69
2779,352,63.87999999999999
2780,274,65.37
2781,243,66.57000000000001
2782,300,62.51
2783,321,61.25
2784,259,74.67999999999999
2785,315,56.56
2786,316,53.839999999999996
2787,279,45.150000000000006
2788,343,73.42999999999999
2789,302,53.75
2790,282,40.29
2791,291,69.6
2792,371,42.02
2793,319,81.98
2794,329,75.54
2795,293,44.65999999999999
2796,397,62.60999999999999
2797,259,52.50000000000001
2798,265,38.29
2799,305,59.96
2800,251,71.06
2801,294,59.47
2802,317,50.72
2803,274,66.98
2804,326,43.93
2805,274,60.31
2806,291,70.76
2807,296,59.07
2808,297,57.68
2809,304,49.260000000000005
2810,248,67.89
2811,323,52.09
2812,293,58.480000000000004
2813,270,49.05
2814,249,50.53
2815,315,72.58
2816,315,74.41
2817,265,36.459999999999994
2818,310,52.98
2819,253,49.76
2820,358,58.81
2821,270,68.26
2822,313,59.88
2823,265,60.099999999999994
2824,208,87.27000000000001
2825,338,50.44
2826,336,60.85
2827,239,52.61
2828,331,45.34
2829,348,75.37
2830,255,44.08
2831,359,61.85
2832,305,49.43
2833,369,68.69
2834,266,58.60000000000001
2835,286,59.07000000000001
2836,298,46.269999999999996
2837,285,67.88000000000001
2838,247,55.05
2839,291,81.07
2840,291,51.910000000000004
2841,306,43.11
2842,337,67.57000000000001
2843,283,39.620000000000005
2844,243,57.12
2845,314,67.42999999999999
2846,314,67.21
2847,285,60.9
2848,294,61.55999999999999
2849,364,66.27999999999999
2850,330,52.629999999999995
2851,304,49.940000000000005
2852,315,48.52
2853,248,56.14
2854,323,68.87
2855,332,58.75999999999999
2856,299,59.31
2857,311,66.28000000000002
2858,354,82.3
2859,377,27.08
2860,258,63.519999999999996
2861,279,69.55
2862,288,46.4
2863,304,69.69
2864,347,65.08999999999999
2865,307,49.44
2866,306,45.87
2867,253,67.12
2868,303,65.84
2869,309,71.02000000000001
2870,292,45.839999999999996
2871,289,65.86
2872,298,45.28
2873,243,50.239999999999995
2874,308,83.99
2875,240,68.64
2876,289,70.75
2877,277,56.62
2878,324,59.8
2879,248,50.13
2880,366,61.48
2881,302,56.290000000000006
2882,325,48.32
2883,264,69.19000000000001
2884,285,76.86
2885,253,58.88
2886,287,58.05
2887,341,55.949999999999996
2888,316,45.239999999999995
2889,337,75.08000000000001
2890,294,62.01
2891,307,50.839999999999996
2892,265,47.129999999999995
2893,303,62.11
2894,341,58.64
2895,305,48.19
2896,267,66.96
2897,335,42.81
2898,295,42.19
2899,338,64.86
2900,351,48.449999999999996
2901,279,45.06
2902,312,73.25
2903,252,65.02
2904,338,55.07000000000001
2905,266,47.27
2906,289,55.32
2907,244,69.09
2908,290,79.39
2909,346,49.620000000000005
2910,266,55.080000000000005
2911,310,73.05
2912,272,51.41
2913,286,55.03
2914,312,60.62
2915,322,67.91
2916,272,44.08
2917,336,62.6
2918,321,60.449999999999996
2919,288,61.36
2920,332,53.870000000000005
2921,242,50.34
2922,301,57.41
2923,242,54.33
2924,306,82.29
2925,368,58.7
2926,356,83.35
2927,319,49.73
2928,309,61.46
2929,295,63.83
2930,358,48.51
2931,291,68.24
2932,228,46.64
2933,230,60.05
2934,223,49.53
2935,277,65.25
2936,279,76.30999999999999
2937,362,45.3
2938,307,44.589999999999996
2939,290,65.91
2940,321,45.400000000000006
2941,293,74.46
2942,288,80.52000000000001
2943,351,61.93
2944,264,41.989999999999995
2945,310,63.04
2946,252,55.92
2947,322,79.42
2948,291,62.03
2949,355,64.96000000000001
2950,324,51.129999999999995
2951,305,51.48
2952,309,74.69
2953,292,62.86
2954,328,56.68
2955,312,47.78
2956,281,45.32
2957,314,63.99
2958,299,53.43
2959,267,69.42999999999999
2960,287,51.980000000000004
2961,326,52.36
2962,303,67.41
2963,277,60.550000000000004
2964,224,74.47
2965,353,49.38
2966,284,64.39999999999999
2967,336,58.16
2968,371,76.57000000000001
2969,252,47.50000000000001
2970,292,52.589999999999996
2971,249,63.74000000000001
2972,323,57.8
2973,319,39.35
2974,261,65.97
2975,298,50.730000000000004
2976,307,57.19
2977,312,57.730000000000004
2978,271,68.44
2979,305,52.56
2980,299,74.75
2981,227,46.37
2982,375,59.839999999999996
2983,305,65.78
2984,258,54.76
2985,247,69.13
2986,344,56.75
2987,272,41.25
2988,229,72.22
2989,269,47.379999999999995
2990,312,52.50000000000001
2991,339,48.97
2992,329,45.690000000000005
2993,231,60.010000000000005
2994,283,74.57000000000001
2995,282,59.870000000000005
2996,263,30.209999999999997
2997,332,72.1
2998,296,70.85999999999999
2999,264,67.21000000000001
3000,278,65.72
3001,287,47.8
3002,228,76.89
3003,279,48.98
3004,253,59.44
3005,318,62.33
3006,367,55.28
3007,317,60.46000000000001
3008,319,68.0
3009,269,69.95
3010,290,42.26
3011,296,60.529999999999994
3012,289,47.09
3013,308,61.76
3014,378,53.230000000000004
3015,290,54.410000000000004
3016,348,62.33
3017,274,72.32000000000001
3018,347,52.050000000000004
3019,304,75.47000000000001
3020,247,59.02
3021,312,44.23
3022,245,45.38
3023,259,44.18
3024,247,42.63999999999999
3025,273,50.04
3026,291,66.08
3027,279,73.42
3028,322,60.38
3029,343,56.879999999999995
3030,327,60.29
3031,243,51.67
3032,320,36.85
3033,265,58.910000000000004
3034,292,64.55
3035,257,45.12
3036,313,64.28
3037,343,60.56
3038,257,43.13999999999999
3039,322,51.260000000000005
3040,323,57.59
3041,301,43.87
3042,348,61.27
3043,258,57.3
3044,278,56.669999999999995
3045,263,76.34
3046,247,34.1
3047,278,53.31
3048,309,57.63
3049,299,53.31
3050,334,56.449999999999996
3051,301,61.85
3052,318,53.19
3053,349,63.66000000000001
3054,330,60.59
3055,309,57.69
3056,298,70.41
3057,287,49.6
3058,288,60.30000000000001
3059,311,46.71999999999999
3060,282,70.28
3061,320,69.69
3062,304,63.54
3063,323,51.86999999999999
3064,348,78.17
3065,271,65.85
3066,302,62.949999999999996
3067,315,44.29
3068,256,54.410000000000004
3069,306,53.11000000000001
3070,298,55.730000000000004
3071,330,51.510000000000005
3072,337,80.74
3073,299,59.59
3074,318,36.760000000000005
3075,237,56.050000000000004
3076,287,52.52
3077,305,79.69
3078,267,36.7
3079,310,47.64
3080,315,53.22
3081,276,60.760000000000005
3082,281,60.19
3083,382,69.77
3084,336,60.150000000000006
3085,260,51.620000000000005
3086,319,63.39000000000001
3087,289,66.00999999999999
3088,309,62.980000000000004
3089,232,47.129999999999995
3090,307,44.61000000000001
3091,340,49.55
3092,258,40.88999999999999
3093,323,74.91999999999999
3094,249,47.620000000000005
3095,302,66.09
3096,284,75.37000000000002
3097,311,56.97
3098,377,57.52
3099,314,55.83
3100,305,61.45
3101,384,50.57
3102,330,52.949999999999996
3103,332,70.25
3104,217,62.419999999999995
3105,303,71.63
3106,329,49.46
3107,285,62.53
3108,267,45.489999999999995
3109,354,54.45
3110,321,63.58
3111,284,62.699999999999996
3112,259,49.339999999999996
3113,302,82.45
3114,323,50.440000000000005
3115,312,66.89
3116,243,63.28000000000001
3117,322,56.45
3118,309,59.39999999999999
3119,343,47.34
3120,317,73.94
3121,337,49.36
3122,338,60.24
3123,283,64.86
3124,333,68.54
3125,353,55.10000000000001
3126,333,73.84
3127,278,52.03999999999999
3128,316,56.53
3129,334,47.21999999999999
3130,300,48.17
3131,232,58.74
3132,339,87.35000000000001
3133,278,58.31
3134,302,42.919999999999995
3135,321,65.94
3136,295,41.900000000000006
3137,309,49.91
3138,288,49.629999999999995
3139,350,56.60000000000001
3140,283,73.8
3141,272,69.99
3142,309,56.660000000000004
3143,381,46.900000000000006
3144,315,49.42
3145,284,60.57
3146,295,65.18
3147,323,64.73
3148,353,70.64
3149,326,65.32
3150,346,58.78000000000001
3151,319,76.25
3152,285,69.52
3153,267,62.120000000000005
3154,325,56.43000000000001
3155,317,46.95
3156,283,48.18000000000001
3157,341,49.0
3158,321,61.86
3159,291,64.61
3160,254,66.99999999999999
3161,343,68.73
3162,349,51.55
3163,269,73.39999999999999
3164,343,69.02
3165,294,64.88
3166,310,74.97999999999999
3167,306,61.68000000000001
3168,277,78.14999999999999
3169,311,39.910000000000004
3170,304,52.51
3171,324,64.93
3172,297,72.25
3173,334,55.97
3174,345,33.04
3175,308,77.66999999999999
3176,273,44.209999999999994
3177,320,51.38
3178,294,59.47
3179,294,60.15
3180,317,44.94
3181,275,62.26
3182,308,58.45
3183,304,51.57
3184,335,60.85
3185,349,68.31
3186,309,56.419999999999995
3187,255,70.27
3188,306,65.1
3189,296,72.44
3190,316,54.120000000000005
3191,273,63.21999999999999
3192,310,57.51
3193,336,42.65
3194,287,53.96
3195,292,64.19
3196,281,58.15
3197,273,72.99
3198,293,53.13999999999999
3199,293,51.43
3200,337,35.24999999999999
3201,351,65.26
3202,309,61.64
3203,281,74.66
3204,314,70.85
3205,283,89.76
3206,309,52.58
3207,313,82.14
3208,334,64.61999999999999
3209,298,58.3
3210,289,64.0
3211,410,34.32
3212,331,39.17
3213,359,59.230000000000004
3214,271,58.6
3215,287,56.15
3216,280,59.65
3217,287,72.99000000000001
3218,239,61.43
3219,347,64.02
3220,274,65.08
3221,311,57.989999999999995
3222,316,50.83
3223,342,60.35
3224,243,74.94
3225,264,71.13
3226,339,75.31
3227,287,54.089999999999996
3228,269,68.87
3229,280,62.440000000000005
3230,274,54.86
3231,267,61.580000000000005
3232,332,65.31
3233,253,47.42
3234,360,56.36
3235,324,51.19
3236,286,67.18
3237,347,53.190000000000005
3238,308,77.34
3239,275,53.69
3240,269,69.03999999999999
3241,278,68.61999999999999
3242,338,64.55000000000001
3243,312,42.370000000000005
3244,244,70.02
3245,280,40.82
3246,304,49.99999999999999
3247,299,40.22
3248,262,56.88
3249,277,68.97
3250,291,57.96
3251,349,71.60000000000001
3252,267,62.55
3253,276,53.15
3254,265,68.76
3255,235,74.11
3256,286,73.66000000000001
3257,350,56.980000000000004
3258,299,66.53
3259,311,50.92999999999999
3260,306,67.86
3261,283,52.24999999999999
3262,290,55.459999999999994
3263,294,50.27
3264,291,45.48
3265,256,79.19
3266,289,60.199999999999996
3267,295,65.82
3268,345,82.51
3269,340,65.11
3270,236,59.94
3271,262,49.07
3272,351,82.96
3273,308,73.65
3274,337,61.61
3275,327,46.690000000000005
3276,318,63.800000000000004
3277,336,52.21000000000001
3278,326,70.01
3279,272,67.07
3280,389,53.42
3281,306,60.71
3282,244,71.39999999999999
3283,343,73.75999999999999
3284,325,54.49000000000001
3285,358,48.07
3286,310,66.98
3287,258,56.650000000000006
3288,308,55.4
3289,309,49.84
3290,300,44.07
3291,346,58.77
3292,317,52.75
3293,318,56.46
3294,335,38.65
3295,241,62.11
3296,297,61.48
3297,248,65.46000000000001
3298,297,43.44
3299,351,56.64
3300,318,50.44
3301,306,74.66000000000001
3302,277,52.980000000000004
3303,307,50.79
3304,334,61.53999999999999
3305,298,69.35000000000001
3306,335,44.059999999999995
3307,297,66.59
3308,256,65.56
3309,309,71.21
3310,306,53.98
3311,301,59.519999999999996
3312,333,66.99
3313,320,41.0
3314,275,58.63999999999999
3315,310,44.76
3316,315,59.74999999999999
3317,297,61.150000000000006
3318,355,58.559999999999995
3319,326,54.39
3320,311,48.51
3321,362,53.2
3322,299,88.39
3323,279,55.21
3324,301,57.52
3325,296,56.279999999999994
3326,307,54.39999999999999
3327,294,52.169999999999995
3328,286,60.10000000000001
3329,235,63.53
3330,258,67.74
3331,326,57.53
3332,272,77.01
